mep_id,name,country,party,national_party,votes_total_period,votes_cast,attendance_pct,partial_term
257117,Adrian-George Axinia,Romania,European Conservatives and Reformists Group,Alliance for the Union of Romanians,1215,1150,94.7,False
197400,Abir Al-Sahlani,Sweden,Renew Europe Group,Centre Party,1215,1150,94.7,False
23788,Adam Bielan,Poland,European Conservatives and Reformists Group,Partia Republikańska,1215,1198,98.6,False
197517,Adam Jarubas,Poland,Group of the European People's Party (Christian Democrats),Polish People's Party,1215,1115,91.8,False
257087,Adnan Dibrani,Sweden,Group of the Progressive Alliance of Socialists and Democrats in the European Parliament,Swedish Social Democratic Party,1215,1199,98.7,False
204400,Adrián Vázquez Lázara,Spain,Group of the European People's Party (Christian Democrats),,1215,991,81.6,False
256954,Afroditi Latinopoulou,Greece,Patriots for Europe Group,National Creation,1215,968,79.7,False
257097,Alberico Gambino,Italy,European Conservatives and Reformists Group,,1215,1175,96.7,False
36392,Aldo Patriciello,Italy,Patriots for Europe Group,Union of the Centre (1993-1998),1215,856,70.5,False
256883,Aleksandar Nikolic,France,Patriots for Europe Group,National Rally,1215,1100,90.5,False
124799,Alessandra Moretti,Italy,Group of the Progressive Alliance of Socialists and Democrats in the European Parliament,Democratic Party,1215,937,77.1,False
257147,Alessandro Ciriani,Italy,European Conservatives and Reformists Group,independent politician,1215,1004,82.6,False
257106,Alessandro Zan,Italy,Group of the Progressive Alliance of Socialists and Democrats in the European Parliament,Democratic Party,1215,1125,92.6,False
197403,Alex Agius Saliba,Malta,Group of the Progressive Alliance of Socialists and Democrats in the European Parliament,Labour Party,1215,1149,94.6,False
197648,Alexander Bernhuber,Austria,Group of the European People's Party (Christian Democrats),Austrian People's Party,1215,1013,83.4,False
256941,Alexander Jungbluth,Germany,Europe of Sovereign Nations Group,Europe of Sovereign Nations,1215,1207,99.3,False
256959,Alexander Sell,Germany,Europe of Sovereign Nations Group,Europe of Sovereign Nations,1215,1201,98.8,False
197537,Alexandr Vondra,Czech Republic,European Conservatives and Reformists Group,Civic Democratic Party,1215,1112,91.5,False
183916,Alexandra Geese,Germany,Group of the Greens/European Free Alliance,Alliance '90/The Greens,1215,1200,98.8,False
256980,Alexandra Mehnert,Germany,Group of the European People's Party (Christian Democrats),Christian Democratic Union,1215,1129,92.9,False
5736,Alexandre Varaut,France,Patriots for Europe Group,Union for a Popular Movement,1215,1137,93.6,False
257089,Alice Teodorescu Måwe,Sweden,Group of the European People's Party (Christian Democrats),Christian Democrats,1215,1048,86.3,False
122978,Alicia Homs Ginel,Spain,Group of the Progressive Alliance of Socialists and Democrats in the European Parliament,Spanish Socialist Workers' Party,1215,1207,99.3,False
257035,Alma Ezcurra,Spain,Group of the European People's Party (Christian Democrats),People's Party,1215,572,47.1,False
257019,Alvise Pérez,Spain,,The Party Is Over,1215,552,45.4,False
257053,Ana Catarina Mendes,Portugal,Group of the Progressive Alliance of Socialists and Democrats in the European Parliament,Socialist Party,1215,1034,85.1,False
110673,Ana Miguel Pedro,Portugal,Group of the European People's Party (Christian Democrats),,1215,908,74.7,False
24942,Ana Miranda Paz,Spain,Group of the Greens/European Free Alliance,Galician Nationalist Bloc,1215,1194,98.3,False
124875,Anders Vistisen,Kingdom of Denmark,Patriots for Europe Group,Danish People's Party,1215,1055,86.8,False
256977,Andrea Wechsler,Germany,Group of the European People's Party (Christian Democrats),Christian Democratic Union,1215,1127,92.8,False
197443,Andreas Glück,Germany,Renew Europe Group,Free Democratic Party,1215,951,78.3,False
197670,Andreas Schieder,Austria,Group of the Progressive Alliance of Socialists and Democrats in the European Parliament,Social Democratic Party of Austria,1215,1209,99.5,False
28223,Andreas Schwab,Germany,Group of the European People's Party (Christian Democrats),Christian Democratic Union,1215,1170,96.3,False
97968,Andrey Kovatchev,Bulgaria,Group of the European People's Party (Christian Democrats),Citizens for European Development of Bulgaria,1215,1151,94.7,False
107212,Andrey Novakov,Bulgaria,Group of the European People's Party (Christian Democrats),Citizens for European Development of Bulgaria,1215,1163,95.7,False
257051,Andrzej Buła,Poland,Group of the European People's Party (Christian Democrats),Civic Platform,1215,1183,97.4,False
197514,Andrzej Halicki,Poland,Group of the European People's Party (Christian Democrats),Civic Platform,1215,1205,99.2,False
23816,András Gyürk,Hungary,Patriots for Europe Group,Fidesz,1215,1059,87.2,False
256860,András László,Hungary,Patriots for Europe Group,Fidesz,1215,1102,90.7,False
257066,André Rodrigues,Portugal,Group of the Progressive Alliance of Socialists and Democrats in the European Parliament,,1215,1173,96.5,False
197690,André Rougé,France,Patriots for Europe Group,National Rally,1215,1110,91.4,False
4289,Angelika Niebler,Germany,Group of the European People's Party (Christian Democrats),Christian Social Union of Bavaria,1215,1184,97.4,False
197652,Angelika Winzig,Austria,Group of the European People's Party (Christian Democrats),Austrian People's Party,1215,1187,97.7,False
256896,Angéline Furet,France,Patriots for Europe Group,,1215,1201,98.8,False
256951,Anja Arndt,Germany,Europe of Sovereign Nations Group,Alternative for Germany,1215,1200,98.8,False
125023,Anja Hazekamp,Kingdom of the Netherlands,,Party for the Animals,1215,24,2.0,False
257064,Anna Bryłka,Poland,Patriots for Europe Group,National Movement,1215,892,73.4,False
86793,Anna Cavazzini,Germany,Group of the Greens/European Free Alliance,Alliance '90/The Greens,1215,1208,99.4,False
257131,Anna Maria Cisint,Italy,Patriots for Europe Group,,1215,869,71.5,False
256990,Anna Strolenberg,Kingdom of the Netherlands,Group of the Greens/European Free Alliance,Volt Netherlands,1215,1201,98.8,False
256839,Anna Stürgkh,Austria,Renew Europe Group,NEOS – The New Austria,1215,1210,99.6,False
197572,Anna Zalewska,Poland,European Conservatives and Reformists Group,Law and Justice,1215,1197,98.5,False
198073,Anna-Maja Henriksson,Finland,Renew Europe Group,Swedish People's Party of Finland,1215,1020,84.0,False
257169,Annalisa Corrado,Italy,Group of the Progressive Alliance of Socialists and Democrats in the European Parliament,,1215,1088,89.5,False
256859,Annamária Vicsek,Socialist Federal Republic of Yugoslavia,Patriots for Europe Group,Alliance of Vojvodina Hungarians,1215,1097,90.3,False
256876,Anne-Sophie Frigout,France,Patriots for Europe Group,National Rally,1215,991,81.6,False
257438,Anouk van Brug,Kingdom of the Netherlands,Renew Europe Group,,1215,983,80.9,False
256910,Anthony Smith,France,,,1215,1200,98.8,False
257113,Antonella Sberna,Italy,European Conservatives and Reformists Group,Brothers of Italy,1215,1069,88.0,False
257122,Antonio Decaro,Italy,Group of the Progressive Alliance of Socialists and Democrats in the European Parliament,Democratic Party,1215,1206,99.3,False
28399,Antonio López-Istúriz White,Spain,Group of the European People's Party (Christian Democrats),People's Party,1215,995,81.9,False
257050,António Tânger,Portugal,Patriots for Europe Group,Chega,1215,1211,99.7,False
257238,Aodhán Ó Ríordáin,Ireland,Group of the Progressive Alliance of Socialists and Democrats in the European Parliament,Labour Party,1215,1128,92.8,False
256911,Arash Saeidi,France,,,1215,1098,90.4,False
197406,Arba Kokalari,Sweden,Group of the European People's Party (Christian Democrats),Moderate Party,1215,855,70.4,False
257060,Arkadiusz Mularczyk,Poland,European Conservatives and Reformists Group,Sovereign Poland,1215,1185,97.5,False
256948,Arno Bausemer,Germany,Europe of Sovereign Nations Group,Alternative for Germany,1215,788,64.9,False
197558,Asger Christensen,Kingdom of Denmark,Renew Europe Group,Venstre,1215,1157,95.2,False
197469,Assita Kanko,Burkina Faso,European Conservatives and Reformists Group,New Flemish Alliance,1215,798,65.7,False
103246,Auke Zijlstra,Kingdom of the Netherlands,Patriots for Europe Group,Party for Freedom,1215,1206,99.3,False
98219,Aura Salla,Finland,Group of the European People's Party (Christian Democrats),National Coalition Party,1215,947,77.9,False
256811,Aurelijus Veryga,Lithuania,European Conservatives and Reformists Group,independent politician,1215,1197,98.5,False
197697,Aurore Lalucq,France,Group of the Progressive Alliance of Socialists and Democrats in the European Parliament,Place publique,1215,996,82.0,False
96761,Axel Voss,Germany,Group of the European People's Party (Christian Democrats),Christian Democratic Union,1215,1067,87.8,False
256881,Barbara Bonte,Belgium,Patriots for Europe Group,Flemish Interest,1215,1111,91.4,False
204332,Barry Andrews,Ireland,Renew Europe Group,Fianna Fáil,1215,1183,97.4,False
257297,Barry Cowen,Ireland,Renew Europe Group,Fianna Fáil,1215,1193,98.2,False
197780,Bart Groothuis,Kingdom of the Netherlands,Renew Europe Group,People's Party for Freedom and Democracy,1215,1067,87.8,False
197492,Bartosz Arłukowicz,Poland,Group of the European People's Party (Christian Democrats),Civic Platform,1215,1051,86.5,False
86057,Bartłomiej Sienkiewicz,Poland,Group of the European People's Party (Christian Democrats),Civic Platform,1215,1192,98.1,False
96725,Bas Eickhout,Kingdom of the Netherlands,Group of the Greens/European Free Alliance,GroenLinks,1215,1183,97.4,False
197553,Beata Szydło,Poland,European Conservatives and Reformists Group,Law and Justice,1215,1011,83.2,False
257139,Benedetta Scuderi,Italy,The Greens–European Free Alliance,Green Europe,1215,1200,98.8,False
197543,Bernard Guetta,France,Renew Europe Group,Revolutionary Communist League,1215,847,69.7,False
197773,Bert-Jan Ruissen,Kingdom of the Netherlands,European Conservatives and Reformists Group,Reformed Political Party,1215,1213,99.8,False
112748,Biljana Borzan,Croatia,Group of the Progressive Alliance of Socialists and Democrats in the European Parliament,Social Democratic Party of Croatia,1215,1150,94.7,False
197818,Billy Kelleher,Ireland,Renew Europe Group,Fianna Fáil,1215,1208,99.4,False
96932,Birgit Sippel,Germany,Group of the Progressive Alliance of Socialists and Democrats in the European Parliament,Social Democratic Party of Germany,1215,960,79.0,False
197545,Bogdan Rzońca,Poland,European Conservatives and Reformists Group,Law and Justice,1215,1206,99.3,False
125204,Borja Giménez Larraz,Spain,Group of the European People's Party (Christian Democrats),,1215,1204,99.1,False
257047,Borys Budka,Poland,Group of the European People's Party (Christian Democrats),Conservative People's Party,1215,954,78.5,False
124867,Brando Benifei,Italy,Group of the Progressive Alliance of Socialists and Democrats in the European Parliament,Democratic Party,1215,826,68.0,False
257018,Branislav Ondruš,Slovakia,,Direction – Social Democracy,1215,564,46.4,False
220908,Branko Grims,Slovenia,Group of the European People's Party (Christian Democrats),Slovenian Democratic Party,1215,1036,85.3,False
256976,Brigitte van den Berg,Kingdom of the Netherlands,Renew Europe Group,,1215,987,81.2,False
257059,Bruno Gonçalves,Portugal,Group of the Progressive Alliance of Socialists and Democrats in the European Parliament,,1215,938,77.2,False
256885,Bruno Tobback,Belgium,Group of the Progressive Alliance of Socialists and Democrats in the European Parliament,Vooruit,1215,1210,99.6,False
230085,Camilla Laureti,Italy,Group of the Progressive Alliance of Socialists and Democrats in the European Parliament,Democratic Party,1215,1204,99.1,False
257071,Carla Tavares,Portugal,Group of the Progressive Alliance of Socialists and Democrats in the European Parliament,,1215,1167,96.0,False
257093,Carlo Ciccioli,Italy,European Conservatives and Reformists Group,National Alliance,1215,711,58.5,False
96810,Carlo Fidanza,Italy,European Conservatives and Reformists Group,National Alliance,1215,1117,91.9,False
257034,Carmen Crespo,Spain,Group of the European People's Party (Christian Democrats),People's Party,1215,995,81.9,False
256927,Carola Rackete,Germany,,,1215,1076,88.6,False
257140,Carolina Morace,Italy,,,1215,1105,90.9,False
257063,Catarina Martins,Portugal,,Left Bloc,1215,850,70.0,False
257437,Catarina Vieira,Kingdom of the Netherlands,Group of the Greens/European Free Alliance,GroenLinks,1215,1208,99.4,False
124861,Caterina Chinnici,Italy,Group of the European People's Party (Christian Democrats),Democratic Party,1215,979,80.6,False
94649,Catherine Griset,France,Patriots for Europe Group,National Rally,1215,1206,99.3,False
257101,Cecilia Strada,Italy,Group of the Progressive Alliance of Socialists and Democrats in the European Parliament,,1215,1199,98.7,False
840,Charles Goerens,Luxembourg,Renew Europe Group,Democratic Party,1215,1164,95.8,False
123562,Charlie Weimers,Sweden,European Conservatives and Reformists Group,Sweden Democrats,1215,1207,99.3,False
256904,Chloé Ridel,France,Group of the Progressive Alliance of Socialists and Democrats in the European Parliament,Socialist Party,1215,812,66.8,False
37312,Christel Schaldemose,Kingdom of Denmark,Group of the Progressive Alliance of Socialists and Democrats in the European Parliament,Social Democrats,1215,1144,94.2,False
197473,Christian Doleschal,Germany,Group of the European People's Party (Christian Democrats),Christian Social Union of Bavaria,1215,1075,88.5,False
28226,Christian Ehler,Germany,Group of the European People's Party (Christian Democrats),Christian Democratic Union,1215,1047,86.2,False
197475,Christine Anderson,Germany,Europe of Sovereign Nations Group,Alternative for Germany,1215,1200,98.8,False
197422,Christine Schneider,Germany,Group of the European People's Party (Christian Democrats),Christian Democratic Union,1215,1169,96.2,False
256946,Christine Singer,Germany,Renew Europe Group,,1215,1197,98.5,False
261797,Christophe Bay,France,Patriots for Europe Group,National Rally,1215,1207,99.3,False
245018,Christophe Clergeau,France,Group of the Progressive Alliance of Socialists and Democrats in the European Parliament,Socialist Party,1215,1016,83.6,False
256919,Christophe Gomart,France,Group of the European People's Party (Christian Democrats),,1215,1091,89.8,False
197557,Christophe Grudler,France,Renew Europe Group,Democratic Movement,1215,1181,97.2,False
257298,Ciaran Mullooly,Ireland,Renew Europe Group,,1215,1076,88.6,False
256906,Claire Fita,France,Group of the Progressive Alliance of Socialists and Democrats in the European Parliament,,1215,879,72.3,False
257130,Cristina Guarda,Italy,Group of the Greens/European Free Alliance,,1215,1095,90.1,False
197719,Cristina Maestre,Spain,Group of the Progressive Alliance of Socialists and Democrats in the European Parliament,Spanish Socialist Workers' Party,1215,1181,97.2,False
260724,Csaba Dömötör,Hungary,Patriots for Europe Group,Fidesz,1215,1101,90.6,False
124722,Csaba Molnár,Hungary,Group of the Progressive Alliance of Socialists and Democrats in the European Parliament,Hungarian Socialist Party,1215,952,78.4,False
257301,Cynthia Ní Mhurchú,Ireland,Renew Europe Group,,1215,1195,98.4,False
256918,Céline Imart,France,Group of the European People's Party (Christian Democrats),The Republicans,1215,1088,89.5,False
256807,Dainius Žalimas,Lithuania,Renew Europe Group,Homeland Union – Lithuanian Christian Democrats,1215,1108,91.2,False
197439,Damian Boeselager,Germany,Group of the Greens/European Free Alliance,Volt Europa,1215,1148,94.5,False
197574,Damien Carême,France,,The Ecologists – Europe Écologie Les Verts,1215,1102,90.7,False
257110,Dan Barna,Romania,Renew Europe Group,Save Romania Union,1215,1110,91.4,False
124784,Dan Nica,Romania,Group of the Progressive Alliance of Socialists and Democrats in the European Parliament,Social Democratic Party,1215,725,59.7,False
256934,Daniel Attard,Malta,Group of the Progressive Alliance of Socialists and Democrats in the European Parliament,,1215,1076,88.6,False
125012,Daniel Buda,Romania,Group of the European People's Party (Christian Democrats),National Liberal Party,1215,1113,91.6,False
28219,Daniel Caspary,Germany,Group of the European People's Party (Christian Democrats),Christian Democratic Union,1215,1142,94.0,False
106936,Daniel Freund,Germany,Group of the Greens/European Free Alliance,Alliance '90/The Greens,1215,1209,99.5,False
257058,Daniel Obajtek,Poland,European Conservatives and Reformists Group,Law and Justice,1215,1030,84.8,False
257145,Daniele Polato,Italy,European Conservatives and Reformists Group,,1215,1198,98.6,False
257155,Danilo Della Valle,Italy,,,1215,1180,97.1,False
256847,Danuše Nerudová,Czech Republic,Group of the European People's Party (Christian Democrats),Mayors and Independents,1215,1170,96.3,False
257111,Dario Nardella,Italy,Group of the Progressive Alliance of Socialists and Democrats in the European Parliament,Democratic Party,1215,815,67.1,False
124813,Dario Tamburrano,Italy,,Five Star Movement,1215,1196,98.4,False
257031,Dariusz Joński,Poland,Group of the European People's Party (Christian Democrats),Polish Initiative,1215,1195,98.4,False
28122,David Casa,Malta,Group of the European People's Party (Christian Democrats),Nationalist Party,1215,1203,99.0,False
197503,David Cormand,France,Group of the Greens/European Free Alliance,The Ecologists – Europe Écologie Les Verts,1215,1167,96.0,False
124806,David McAllister,Germany,Group of the European People's Party (Christian Democrats),Christian Democratic Union,1215,970,79.8,False
119435,Davor Ivo Stier,Croatia,Group of the European People's Party (Christian Democrats),Croatian Democratic Union,1215,1169,96.2,False
197440,Delara Burkhardt,Germany,Group of the Progressive Alliance of Socialists and Democrats in the European Parliament,Social Democratic Party of Germany,1215,687,56.5,False
239260,Denis Nesci,Italy,European Conservatives and Reformists Group,,1215,1210,99.6,False
188945,Dennis Radtke,Germany,Group of the European People's Party (Christian Democrats),Christian Democratic Union,1215,1151,94.7,False
257091,Dick Erixon,Sweden,European Conservatives and Reformists Group,Sweden Democrats,1215,1207,99.3,False
257021,Diego Solier,Spain,European Conservatives and Reformists Group,,1215,1093,90.0,False
256950,Dimitris Tsiodras,Greece,Group of the European People's Party (Christian Democrats),New Democracy,1215,1120,92.2,False
97399,Dirk Gotink,Kingdom of the Netherlands,Group of the European People's Party (Christian Democrats),Christian Democratic Appeal,1215,1184,97.4,False
204346,Dominik Tarczyński,Poland,European Conservatives and Reformists Group,Poland Comes First,1215,709,58.4,False
256862,Dóra Dávid,Hungary,Group of the European People's Party (Christian Democrats),Respect and Freedom Party,1215,766,63.0,False
197800,Eero Heinäluoma,Finland,Group of the Progressive Alliance of Socialists and Democrats in the European Parliament,Social Democratic Party of Finland,1215,1114,91.7,False
257095,Elena Donazzan,Italy,European Conservatives and Reformists Group,National Alliance,1215,1009,83.0,False
197699,Elena Kountoura,Greece,,SYRIZA,1215,798,65.7,False
257039,Elena Nevado del Campo,Spain,Group of the European People's Party (Christian Democrats),People's Party,1215,952,78.4,False
257001,Elena Sancho,Spain,Group of the Progressive Alliance of Socialists and Democrats in the European Parliament,Spanish Socialist Workers' Party,1215,1203,99.0,False
197842,Elena Yoncheva,Bulgaria,,Bulgarian Socialist Party,1215,687,56.5,False
256943,Eleonora Meleti,Greece,Group of the European People's Party (Christian Democrats),New Democracy,1215,615,50.6,False
1294,Elio Di Rupo,Belgium,Group of the Progressive Alliance of Socialists and Democrats in the European Parliament,Socialist Party,1215,1186,97.6,False
256830,Elisabeth Grossmann,Austria,Group of the Progressive Alliance of Socialists and Democrats in the European Parliament,Social Democratic Party of Austria,1215,1210,99.6,False
197618,Elisabetta Gualmini,Italy,Group of the Progressive Alliance of Socialists and Democrats in the European Parliament,Democratic Party,1215,1051,86.5,False
191693,Elsi Katainen,Finland,Renew Europe Group,Centre Party,1215,1119,92.1,False
124850,Emil Radev,Bulgaria,Group of the European People's Party (Christian Democrats),Citizens for European Development of Bulgaria,1215,668,55.0,False
256913,Emma Fourreau,France,,La France insoumise,1215,1202,98.9,False
256902,Emma Rafowicz,France,Group of the Progressive Alliance of Socialists and Democrats in the European Parliament,Socialist Party,1215,863,71.0,False
214839,Emma Wiesner,Sweden,Renew Europe Group,Centre Party,1215,931,76.6,False
96830,Enikő Győri,Hungary,Patriots for Europe Group,Fidesz,1215,1110,91.4,False
257007,Erik Kaliňák,Slovakia,,Direction – Social Democracy,1215,964,79.3,False
197462,Erik Marquardt,Germany,Group of the Greens/European Free Alliance,Alliance '90/The Greens,1215,1193,98.2,False
213330,Ernő Schaller-Baross,Hungary,Patriots for Europe Group,Fidesz,1215,935,77.0,False
125027,Esteban González Pons,Spain,Group of the European People's Party (Christian Democrats),People's Party,1215,1183,97.4,False
256880,Estelle Ceulemans,Belgium,Group of the Progressive Alliance of Socialists and Democrats in the European Parliament,,1215,1194,98.3,False
257012,Estrella Galán,Spain,,Sumar,1215,1172,96.5,False
256865,Eszter Lakos,Hungary,Group of the European People's Party (Christian Democrats),Respect and Freedom Party,1215,760,62.6,False
197672,Eugen Tomac,Ukraine,Renew Europe Group,European People's Party,1215,958,78.8,False
98341,Eva Maydell,Bulgaria,Group of the European People's Party (Christian Democrats),Citizens for European Development of Bulgaria,1215,1099,90.5,False
96998,Evelyn Regner,Austria,Group of the Progressive Alliance of Socialists and Democrats in the European Parliament,Social Democratic Party of Austria,1215,1193,98.2,False
197392,Evin Incir,Sweden,Group of the Progressive Alliance of Socialists and Democrats in the European Parliament,Swedish Social Democratic Party,1215,1207,99.3,False
197525,Ewa Kopacz,Poland,Group of the European People's Party (Christian Democrats),United People's Party,1215,1208,99.4,False
257069,Ewa Zajączkowska-Hernik,Poland,Europe of Sovereign Nations Group,Confederation,1215,524,43.1,False
22858,Fabienne Keller,France,Renew Europe Group,Union for a Popular Movement,1215,1153,94.9,False
124858,Fabio De Masi,Germany,,Sahra Wagenknecht Alliance,1215,1211,99.7,False
256872,Fabrice Leggeri,France,Patriots for Europe Group,National Rally,1215,1155,95.1,False
256900,Fernand Kartheiser,Luxembourg,,Alternative Democratic Reform Party,1215,1205,99.2,False
257027,Fernando Navarrete Rojas,Spain,Group of the European People's Party (Christian Democrats),,1215,1187,97.7,False
256989,Fidias Panayiotou,Cyprus,,independent politician,1215,1188,97.8,False
256850,Filip Turek,Czech Republic,Patriots for Europe Group,,1215,1126,92.7,False
124795,Flavio Tosi,Italy,Group of the European People's Party (Christian Democrats),Act!,1215,1137,93.6,False
189065,France Jamet,France,Patriots for Europe Group,National Rally,1215,1214,99.9,False
257163,Francesco Torselli,Italy,European Conservatives and Reformists Group,Brothers of Italy,1215,1199,98.7,False
257099,Francesco Ventola,Italy,European Conservatives and Reformists Group,The People of Freedom,1215,1159,95.4,False
28307,Francisco Assis,Portugal,Group of the Progressive Alliance of Socialists and Democrats in the European Parliament,Socialist Party,1215,1184,97.4,False
28400,Francisco José Millán Mon,Spain,Group of the European People's Party (Christian Democrats),People's Party,1215,1160,95.5,False
256908,François Kalfon,France,Group of the Progressive Alliance of Socialists and Democrats in the European Parliament,Socialist Party,1215,1149,94.6,False
197534,François-Xavier Bellamy,France,Group of the European People's Party (Christian Democrats),The Republicans,1215,1164,95.8,False
256947,Fredis Beleris,Albania,Group of the European People's Party (Christian Democrats),Together We Win,1215,882,72.6,False
256969,Friedrich Pürner,Germany,,,1215,899,74.0,False
124828,Fulvio Martusciello,Italy,Group of the European People's Party (Christian Democrats),Forza Italia,1215,366,30.1,False
257098,Gabriela Firea,Romania,Group of the Progressive Alliance of Socialists and Democrats in the European Parliament,Social Democratic Party,1215,545,44.9,False
197435,Gabriele Bischoff,Germany,Group of the Progressive Alliance of Socialists and Democrats in the European Parliament,Social Democratic Party of Germany,1215,1187,97.7,False
256866,Gabriella Gerzsenyi,Hungary,Group of the European People's Party (Christian Democrats),Respect and Freedom Party,1215,751,61.8,False
256956,Galato Alexandraki,Greece,European Conservatives and Reformists Group,Greek Solution,1215,1105,90.9,False
256986,Geadis Geadi,Cyprus,European Conservatives and Reformists Group,,1215,1163,95.7,False
38511,Georg Mayer,Austria,Patriots for Europe Group,Austrian Freedom Party,1215,1073,88.3,False
257116,Georgiana Teodorescu,Romania,European Conservatives and Reformists Group,,1215,1116,91.9,False
256842,Gerald Hauser,Austria,Patriots for Europe Group,Austrian Freedom Party,1215,1206,99.3,False
96940,Gerben-Jan Gerbrandy,Kingdom of the Netherlands,Renew Europe Group,Democrats 66,1215,1209,99.5,False
124973,Gerolf Annemans,Belgium,Patriots for Europe Group,Flemish Interest,1215,1098,90.4,False
257100,Gheorghe Cârciu,Romania,Group of the Progressive Alliance of Socialists and Democrats in the European Parliament,Social Democratic Party,1215,1043,85.8,False
197649,Gheorghe Falcă,Romania,Group of the European People's Party (Christian Democrats),National Liberal Party,1215,1017,83.7,False
257115,Gheorghe Piperea,Romania,European Conservatives and Reformists Group,Alliance for the Union of Romanians,1215,1056,86.9,False
197577,Gilles Boyer,France,Renew Europe Group,The Republicans,1215,1205,99.2,False
126699,Gilles Pennelle,France,Patriots for Europe Group,Party of New Forces,1215,1176,96.8,False
257102,Giorgio Gori,Italy,Group of the Progressive Alliance of Socialists and Democrats in the European Parliament,Democratic Party,1215,1116,91.9,False
197416,Giorgos Georgiou,Cyprus,,Progressive Party of Working People,1215,854,70.3,False
257094,Giovanni Crosetto,Italy,European Conservatives and Reformists Group,,1215,1159,95.4,False
257138,Giuseppe Antoci,Italy,,,1215,897,73.8,False
257124,Giuseppe Lupo,Italy,Group of the Progressive Alliance of Socialists and Democrats in the European Parliament,,1215,1205,99.2,False
197824,Giuseppe Milazzo,Italy,European Conservatives and Reformists Group,The People of Freedom,1215,475,39.1,False
256995,Gordan Bosanac,Croatia,Group of the Greens/European Free Alliance,,1215,1158,95.3,False
257067,Grzegorz Braun,Poland,,Confederation of the Polish Crown,1215,815,67.1,False
256869,Grégory Allione,France,Renew Europe Group,,1215,1109,91.3,False
30123,Guillaume Peltier,France,European Conservatives and Reformists Group,Identity–Freedoms,1215,1022,84.1,False
124715,György Hölvényi,Hungary,Patriots for Europe Group,Christian Democratic People's Party,1215,631,51.9,False
197677,Günther Sidl,Austria,Group of the Progressive Alliance of Socialists and Democrats in the European Parliament,Social Democratic Party of Austria,1215,1181,97.2,False
256992,Hana Jalloul Muro,Spain,Group of the Progressive Alliance of Socialists and Democrats in the European Parliament,Spanish Socialist Workers' Party,1215,500,41.2,False
257092,Hanna Gedin,Sweden,,Left Party,1215,1210,99.6,False
262021,Hanna Gronkiewicz-Waltz,Poland,Group of the European People's Party (Christian Democrats),Civic Platform,1215,1117,91.9,False
197464,Hannah Neumann,Germany,Group of the Greens/European Free Alliance,Alliance '90/The Greens,1215,1192,98.1,False
197682,Hannes Heide,Austria,Group of the Progressive Alliance of Socialists and Democrats in the European Parliament,Social Democratic Party of Austria,1215,993,81.7,False
256944,Hans Neuhoff,Germany,Europe of Sovereign Nations Group,Alternative for Germany,1215,1163,95.7,False
125001,Harald Vilimsky,Austria,Patriots for Europe Group,Austrian Freedom Party,1215,1155,95.1,False
256841,Helmut Brandstätter,Austria,Renew Europe Group,NEOS – The New Austria,1215,854,70.3,False
197391,Heléne Fritzon,Sweden,Group of the Progressive Alliance of Socialists and Democrats in the European Parliament,Swedish Social Democratic Party,1215,1208,99.4,False
257028,Henrik Dahl,Kingdom of Denmark,Group of the European People's Party (Christian Democrats),Liberal Alliance,1215,1195,98.4,False
96787,Herbert Dorfmann,Italy,Group of the European People's Party (Christian Democrats),South Tyrolean People's Party,1215,1204,99.1,False
197831,Hermann Tertsch,Spain,Patriots for Europe Group,independent politician,1215,1136,93.5,False
130100,Hilde Vautmans,Belgium,Renew Europe Group,Open Flemish Liberals and Democrats,1215,1171,96.4,False
197408,Hildegard Bentele,Germany,Group of the European People's Party (Christian Democrats),Christian Democratic Union,1215,754,62.1,False
257257,Hristo Petrov,Bulgaria,Renew Europe Group,,1215,1156,95.1,False
257068,Hélder Sousa Silva,Portugal,Group of the European People's Party (Christian Democrats),,1215,1187,97.7,False
257127,Ilaria Salis,Italy,The Left in the European Parliament - GUE/NGL,independent politician,1215,1197,98.5,False
28617,Inese Vaidere,Latvia,Group of the European People's Party (Christian Democrats),Unity Party,1215,1180,97.1,False
256968,Ingeborg ter Laak,Kingdom of the Netherlands,Group of the European People's Party (Christian Democrats),Christian Democratic Appeal,1215,1206,99.3,False
28298,Iratxe García,Spain,Group of the Progressive Alliance of Socialists and Democrats in the European Parliament,Spanish Socialist Workers' Party,1215,1166,96.0,False
197447,Irena Joveva,Slovenia,Renew Europe Group,List of Marjan Šarec,1215,1213,99.8,False
197591,Irene Tinagli,Italy,Group of the Progressive Alliance of Socialists and Democrats in the European Parliament,Democratic Party,1215,1176,96.8,False
256945,Irmhild Boßdorf,Germany,Europe of Sovereign Nations Group,Alternative for Germany,1215,1198,98.6,False
197679,Isabel Benjumea,Spain,Group of the European People's Party (Christian Democrats),People's Party,1215,1090,89.7,False
257009,Isabel Serra,Spain,,Podemos,1215,512,42.1,False
96675,Isabella Lövin,Sweden,Group of the Greens/European Free Alliance,Green Party,1215,1210,99.6,False
197580,Isabella Tovaglieri,Italy,Patriots for Europe Group,Lega Nord,1215,1118,92.0,False
256920,Isabelle Le Callennec,France,Group of the European People's Party (Christian Democrats),Union for a Popular Movement,1215,1002,82.5,False
257075,Isilda Gomes,Portugal,Group of the Progressive Alliance of Socialists and Democrats in the European Parliament,,1215,1051,86.5,False
39725,Iuliu Winkler,Romania,Group of the European People's Party (Christian Democrats),Democratic Union of Hungarians in Romania,1215,1160,95.5,False
197556,Ivan David,Czech Republic,Europe of Sovereign Nations Group,Freedom and Direct Democracy,1215,1201,98.8,False
197624,Ivars Ijabs,Latvia,Renew Europe Group,For Latvia's Development,1215,865,71.2,False
197493,Jaak Madison,Estonia,European Conservatives and Reformists Group,Estonian Centre Party,1215,923,76.0,False
257086,Jacek Ozdoba,Poland,European Conservatives and Reformists Group,Polska Razem,1215,1178,97.0,False
257041,Jacek Protas,Poland,Group of the European People's Party (Christian Democrats),Civic Platform,1215,1135,93.4,False
124877,Jadwiga Wiśniewska,Poland,European Conservatives and Reformists Group,Law and Justice,1215,1186,97.6,False
257082,Jagna Marczułajtis,Poland,Group of the European People's Party (Christian Democrats),Civic Platform,1215,1200,98.8,False
256840,Jan Farský,Czech Republic,Group of the European People's Party (Christian Democrats),Mayors and Independents,1215,1118,92.0,False
197432,Jan-Christoph Oetjen,Germany,Renew Europe Group,Free Democratic Party,1215,1206,99.3,False
256967,Jan-Peter Warnke,Germany,,Sahra Wagenknecht Alliance,1215,1177,96.9,False
256843,Jana Nagyová,Czech Republic,Patriots for Europe Group,ANO 2011,1215,1179,97.0,False
23781,Janusz Lewandowski,Poland,Group of the European People's Party (Christian Democrats),Liberal Democratic Congress,1215,1026,84.4,False
220840,Jaroslav Bžoch,Czech Republic,Patriots for Europe Group,ANO 2011,1215,978,80.5,False
270261,Jaroslav Knot,Czech Republic,Patriots for Europe Group,,1215,0,0.0,True
256844,Jaroslava Pokorná Jermanová,Czech Republic,Patriots for Europe Group,ANO 2011,1215,837,68.9,False
257015,Jaume Asens Llodrà,Spain,Group of the Greens/European Free Alliance,Procés Constituent,1215,1159,95.4,False
28347,Javier Moreno Sánchez,Spain,Group of the Progressive Alliance of Socialists and Democrats in the European Parliament,Spanish Socialist Workers' Party,1215,854,70.3,False
197606,Javier Zarzalejos,Spain,Group of the European People's Party (Christian Democrats),People's Party,1215,1110,91.4,False
256901,Jean-Marc Germain,France,Group of the Progressive Alliance of Socialists and Democrats in the European Parliament,Socialist Party,1215,1071,88.1,False
197628,Jean-Paul Garraud,France,Patriots for Europe Group,The Popular Right,1215,1156,95.1,False
257003,Jeannette Baljeu,Kingdom of the Netherlands,Renew Europe Group,People's Party for Freedom and Democracy,1215,1142,94.0,False
96833,Jens Geier,Germany,Group of the Progressive Alliance of Socialists and Democrats in the European Parliament,Social Democratic Party of Germany,1215,1117,91.9,False
124807,Jens Gieseke,Germany,Group of the European People's Party (Christian Democrats),Christian Democratic Union,1215,1094,90.0,False
95074,Jeroen Lenaers,Kingdom of the Netherlands,Group of the European People's Party (Christian Democrats),Christian Democratic Appeal,1215,1211,99.7,False
197404,Jessica Polfjärd,Sweden,Group of the European People's Party (Christian Democrats),Moderate Party,1215,1204,99.1,False
256983,Jessika van Leeuwen,Kingdom of the Netherlands,Group of the European People's Party (Christian Democrats),Farmer–Citizen Movement,1215,1204,99.1,False
256962,Joachim Streit,Germany,Renew Europe Group,Free Voters,1215,1085,89.3,False
257084,Joanna Scheuring-Wielgus,Poland,Group of the Progressive Alliance of Socialists and Democrats in the European Parliament,Nowoczesna,1215,1201,98.8,False
38542,Johan Danielsson,Sweden,Group of the Progressive Alliance of Socialists and Democrats in the European Parliament,Swedish Social Democratic Party,1215,1213,99.8,False
125106,Johan Van Overtveldt,Belgium,European Conservatives and Reformists Group,New Flemish Alliance,1215,723,59.5,False
2268,Jonas Sjöstedt,Sweden,,Left Party,1215,1097,90.3,False
125046,Jonás Fernández,Spain,Group of the Progressive Alliance of Socialists and Democrats in the European Parliament,Spanish Socialist Workers' Party,1215,1185,97.5,False
131580,Jordan Bardella,France,Patriots for Europe Group,National Rally,1215,1050,86.4,False
197829,Jorge Buxadé Villalba,Spain,Patriots for Europe Group,Vox,1215,1145,94.2,False
257029,Jorge Martín Frías,Spain,Patriots for Europe Group,,1215,751,61.8,False
257002,José Cepeda,Spain,Group of the Progressive Alliance of Socialists and Democrats in the European Parliament,Spanish Socialist Workers' Party,1215,1114,91.7,False
257057,João Cotrim de Figueiredo,Portugal,Renew Europe Group,Liberal Initiative,1215,1194,98.3,False
257083,João Oliveira,Portugal,,Portuguese Communist Party,1215,1007,82.9,False
125052,Juan Carlos Girauta,Spain,Patriots for Europe Group,Vox,1215,1199,98.7,False
197621,Juan Ignacio Zoido,Spain,Group of the European People's Party (Christian Democrats),People's Party,1215,937,77.1,False
198373,Judita Laššáková,Slovakia,,,1215,1049,86.3,False
256882,Julie Rechagneux,France,Patriots for Europe Group,,1215,1165,95.9,False
256895,Julien Leonardelli,France,Patriots for Europe Group,,1215,1105,90.9,False
88552,Julien Sanchez,France,Patriots for Europe Group,National Rally,1215,1213,99.8,False
127766,Jussi Saramo,Finland,,Left Alliance,1215,1202,98.9,False
197466,Jutta Paulus,Germany,Group of the Greens/European Free Alliance,Alliance '90/The Greens,1215,1164,95.8,False
197405,Jörgen Warborn,Sweden,Group of the European People's Party (Christian Democrats),Moderate Party,1215,1210,99.6,False
188096,Jüri Ratas,Estonia,Group of the European People's Party (Christian Democrats),Isamaa,1215,1207,99.3,False
256965,Kai Tegethoff,Germany,Group of the Greens/European Free Alliance,Volt Europa,1215,1207,99.3,False
257032,Kamila Gasiuk-Pihowicz,Poland,Group of the European People's Party (Christian Democrats),Civic Platform,1215,1199,98.7,False
197401,Karin Karlsbro,Sweden,Renew Europe Group,Liberals,1215,1208,99.4,False
197413,Karlo Ressler,Croatia,Group of the European People's Party (Christian Democrats),Croatian Democratic Union,1215,1185,97.5,False
197433,Katarina Barley,Germany,Group of the Progressive Alliance of Socialists and Democrats in the European Parliament,Social Democratic Party of Germany,1215,742,61.1,False
96653,Katarína Roth Neveďalová,Slovakia,,Direction – Social Democracy,1215,1085,89.3,False
23699,Kateřina Konečná,Czech Republic,,Communist Party of Bohemia and Moravia,1215,1083,89.1,False
257299,Kathleen Funchion,Ireland,,Sinn Féin,1215,1148,94.5,False
5729,Kathleen Van Brempt,Belgium,Group of the Progressive Alliance of Socialists and Democrats in the European Parliament,Vooruit,1215,1196,98.4,False
198084,Katri Kulmuni,Finland,Renew Europe Group,Centre Party,1215,1153,94.9,False
197461,Katrin Langensiepen,Germany,Group of the Greens/European Free Alliance,Alliance '90/The Greens,1215,1061,87.3,False
197870,Kim van Sparrentak,Kingdom of the Netherlands,Group of the Greens/European Free Alliance,GroenLinks,1215,1207,99.3,False
28150,Kinga Gál,Hungary,Patriots for Europe Group,Fidesz,1215,987,81.2,False
256861,Kinga Kollár,Hungary,Group of the European People's Party (Christian Democrats),Respect and Freedom Party,1215,728,59.9,False
197573,Kira Marie Peter-Hansen,Kingdom of Denmark,Group of the Greens/European Free Alliance,Green Left,1215,1179,97.0,False
197579,Klára Dobrev,Hungary,Group of the Progressive Alliance of Socialists and Democrats in the European Parliament,Democratic Coalition,1215,951,78.3,False
124884,Kosma Złotowski,Poland,European Conservatives and Reformists Group,Law and Justice,1215,1204,99.1,False
256884,Kris Van Dijck,Belgium,European Conservatives and Reformists Group,New Flemish Alliance,1215,1060,87.2,False
34232,Kristian Vigenin,Bulgaria,Group of the Progressive Alliance of Socialists and Democrats in the European Parliament,Bulgarian Socialist Party,1215,1105,90.9,False
251324,Krzysztof Brejza,Poland,Group of the European People's Party (Christian Democrats),Civic Platform,1215,873,71.9,False
124895,Krzysztof Hetman,Poland,Group of the European People's Party (Christian Democrats),Polish People's Party,1215,1033,85.0,False
257085,Krzysztof Śmiszek,Poland,Group of the Progressive Alliance of Socialists and Democrats in the European Parliament,New Left,1215,1199,98.7,False
257149,Lara Magoni,Italy,European Conservatives and Reformists Group,Brothers of Italy,1215,1134,93.3,False
5392,Lara Wolters,Kingdom of the Netherlands,Group of the Progressive Alliance of Socialists and Democrats in the European Parliament,Labour Party,1215,1138,93.7,False
247735,Laura Ballarín Cereza,Spain,Group of the Progressive Alliance of Socialists and Democrats in the European Parliament,,1215,1204,99.1,False
197589,Laurence Farreng,France,Renew Europe Group,Democratic Movement,1215,1068,87.9,False
256925,Laurence Trochu,France,European Conservatives and Reformists Group,Identity–Freedoms,1215,1125,92.6,False
256921,Laurent Castillo,France,Group of the European People's Party (Christian Democrats),,1215,1105,90.9,False
197734,Lefteris Nikolaou-Alavanos,Greece,,Communist Party of Greece,1215,1029,84.7,False
256993,Leire Pajín,Spain,Group of the Progressive Alliance of Socialists and Democrats in the European Parliament,Spanish Socialist Workers' Party,1215,1179,97.0,False
99945,Lena Düpont,Germany,Group of the European People's Party (Christian Democrats),Christian Democratic Union,1215,738,60.7,False
256833,Lena Schilling,Austria,Group of the Greens/European Free Alliance,,1215,1208,99.4,False
2152,Leoluca Orlando,Italy,Group of the Greens/European Free Alliance,Democracy Is Freedom – The Daisy,1215,1181,97.2,False
257151,Letizia Moratti,Italy,Group of the European People's Party (Christian Democrats),The People of Freedom,1215,732,60.2,False
256805,Li Andersson,Finland,,Left Alliance,1215,1103,90.8,False
256889,Liesbet Sommen,Belgium,Group of the European People's Party (Christian Democrats),,1215,1206,99.3,False
98582,Loránt Vincze,Romania,Group of the European People's Party (Christian Democrats),Democratic Union of Hungarians in Romania,1215,1005,82.7,False
257123,Lucia Annunziata,Italy,Group of the Progressive Alliance of Socialists and Democrats in the European Parliament,,1215,936,77.0,False
257011,Lucia Yar,Slovakia,Renew Europe Group,,1215,1170,96.3,False
124701,Luděk Niedermayer,Czech Republic,Group of the European People's Party (Christian Democrats),TOP 09,1215,1210,99.6,False
190713,Lukas Mandl,Austria,Group of the European People's Party (Christian Democrats),Austrian People's Party,1215,939,77.3,False
256971,Lukas Sieper,Germany,,Party of Progress,1215,1139,93.7,False
124984,Lynn Boylan,Ireland,,Sinn Féin,1215,1071,88.1,False
197738,Lídia Pereira,Portugal,Group of the European People's Party (Christian Democrats),Social Democratic Party,1215,1101,90.6,False
257052,Maciej Wąsik,Poland,European Conservatives and Reformists Group,Law and Justice,1215,1100,90.5,False
197490,Magdalena Adamowicz,Poland,Group of the European People's Party (Christian Democrats),Civic Platform,1215,1164,95.8,False
197781,Malik Azmani,Kingdom of the Netherlands,Renew Europe Group,People's Party for Freedom and Democracy,1215,1208,99.4,False
256871,Malika Sorel,Algeria,,National Rally,1215,1213,99.8,False
28229,Manfred Weber,Germany,Group of the European People's Party (Christian Democrats),Christian Social Union of Bavaria,1215,808,66.5,False
197533,Manon Aubry,France,,La France insoumise,1215,1163,95.7,False
206158,Manuela Ripa,Germany,Group of the European People's Party (Christian Democrats),Ecological Democratic Party,1215,1202,98.9,False
257043,Maravillas Abadía Jover,Spain,Group of the European People's Party (Christian Democrats),,1215,1061,87.3,False
202073,Marc Angel,Luxembourg,Group of the Progressive Alliance of Socialists and Democrats in the European Parliament,Luxembourg Socialist Workers' Party,1215,1194,98.3,False
187917,Marc Botenga,Belgium,,Workers' Party of Belgium,1215,1127,92.8,False
256942,Marc Jongen,Germany,Europe of Sovereign Nations Group,Alternative for Germany,1215,1204,99.1,False
257070,Marcin Sypniewski,Poland,Europe of Sovereign Nations Group,Congress of the New Right,1215,894,73.6,False
257137,Marco Falcone,Italy,Group of the European People's Party (Christian Democrats),,1215,1059,87.2,False
257109,Marco Squarta,Italy,European Conservatives and Reformists Group,,1215,1104,90.9,False
257160,Marco Tarquinio,Italy,Group of the Progressive Alliance of Socialists and Democrats in the European Parliament,,1215,1191,98.0,False
204413,Marcos Ros Sempere,Spain,Group of the Progressive Alliance of Socialists and Democrats in the European Parliament,Spanish Socialist Workers' Party,1215,864,71.1,False
204414,Margarita de la Pisa Carrión,Spain,Patriots for Europe Group,Vox,1215,1213,99.8,False
124785,Maria Grapini,Romania,Group of the Progressive Alliance of Socialists and Democrats in the European Parliament,Humanist Power Party,1215,934,76.9,False
256803,Maria Guzenina,Finland,Group of the Progressive Alliance of Socialists and Democrats in the European Parliament,Social Democratic Party of Finland,1215,812,66.8,False
124836,Maria Noichl,Germany,Group of the Progressive Alliance of Socialists and Democrats in the European Parliament,Social Democratic Party of Germany,1215,1204,99.1,False
198076,Maria Ohisalo,Finland,Group of the Greens/European Free Alliance,Green League,1215,711,58.5,False
197863,Maria Walsh,United States,Group of the European People's Party (Christian Democrats),Fine Gael,1215,1119,92.1,False
256955,Maria Zacharia,Greece,,Course of Freedom,1215,1199,98.7,False
199941,Marianne Vind,Kingdom of Denmark,Group of the Progressive Alliance of Socialists and Democrats in the European Parliament,Social Democrats,1215,1041,85.7,False
257143,Mariateresa Vivaldini,Italy,European Conservatives and Reformists Group,,1215,1192,98.1,False
236050,Marie Dauchy,France,Patriots for Europe Group,National Rally,1215,795,65.4,False
97236,Marie Toussaint,France,Group of the Greens/European Free Alliance,The Ecologists – Europe Écologie Les Verts,1215,1169,96.2,False
256926,Marie-Agnes Strack-Zimmermann,Germany,Renew Europe Group,Free Democratic Party,1215,656,54.0,False
256878,Marie-Luce Brasier-Clain,France,Patriots for Europe Group,,1215,1214,99.9,False
197502,Marie-Pierre Vedrenne,France,Renew Europe Group,Renaissance,1215,1194,98.3,False
192254,Marieke Ehlers,Kingdom of the Netherlands,Patriots for Europe Group,,1215,1150,94.7,False
197491,Marina Kaljurand,Estonia,Group of the Progressive Alliance of Socialists and Democrats in the European Parliament,Social Democratic Party,1215,1195,98.4,False
236053,Marina Mesure,France,,,1215,1179,97.0,False
197795,Mario Furore,Italy,,Five Star Movement,1215,1056,86.9,False
4395,Mario Mantovani,Italy,European Conservatives and Reformists Group,The People of Freedom,1215,1075,88.5,False
256922,Marion Maréchal,France,European Conservatives and Reformists Group,Identity–Freedoms,1215,822,67.7,False
197429,Marion Walsmann,German Democratic Republic,Group of the European People's Party (Christian Democrats),Christian Democratic Union,1215,1095,90.1,False
91636,Marit Maij,Kingdom of the Netherlands,Group of the Progressive Alliance of Socialists and Democrats in the European Parliament,Labour Party,1215,1211,99.7,False
257056,Mariusz Kamiński,Poland,European Conservatives and Reformists Group,Citizens' Movement for Democratic Action,1215,1203,99.0,False
256815,Marjan Šarec,Slovenia,Renew Europe Group,Freedom Movement,1215,885,72.8,False
260035,Marko Vešligaj,Croatia,Group of the Progressive Alliance of Socialists and Democrats in the European Parliament,,1215,813,66.9,False
128483,Markus Buchheit,Germany,Europe of Sovereign Nations Group,Alternative for Germany,1215,1077,88.6,False
1917,Markus Ferber,Germany,Group of the European People's Party (Christian Democrats),Christian Social Union of Bavaria,1215,1183,97.4,False
197549,Markéta Gregorová,Czech Republic,Group of the Greens/European Free Alliance,Czech Pirate Party,1215,872,71.8,False
257077,Marlena Maląg,Poland,European Conservatives and Reformists Group,,1215,1197,98.5,False
210480,Marta Temido,Portugal,Group of the Progressive Alliance of Socialists and Democrats in the European Parliament,Socialist Party,1215,874,71.9,False
257046,Marta Wcisło,Poland,Group of the European People's Party (Christian Democrats),Civic Platform,1215,1207,99.3,False
197770,Martin Hojsík,Slovakia,Renew Europe Group,Progressive Slovakia,1215,1132,93.2,False
96752,Martin Häusling,Germany,Group of the Greens/European Free Alliance,Alliance '90/The Greens,1215,1185,97.5,False
190517,Martin Schirdewan,Germany,,,1215,1170,96.3,False
124834,Martin Sonneborn,Germany,,Die PARTEI,1215,1050,86.4,False
249603,Martine Kemp,Luxembourg,Group of the European People's Party (Christian Democrats),Christian Social People's Party,1215,629,51.8,False
125670,Massimiliano Salini,Italy,Group of the European People's Party (Christian Democrats),Forza Italia,1215,1209,99.5,False
219652,Matej Tonin,Slovenia,Group of the European People's Party (Christian Democrats),New Slovenia,1215,1170,96.3,False
197691,Mathilde Androuët,France,Patriots for Europe Group,National Rally,1215,847,69.7,False
233862,Matjaž Nemec,Slovenia,Group of the Progressive Alliance of Socialists and Democrats in the European Parliament,Social Democrats,1215,1138,93.7,False
257121,Matteo Ricci,Italy,Group of the Progressive Alliance of Socialists and Democrats in the European Parliament,Democratic Party,1215,979,80.6,False
237465,Matthias Ecke,Germany,Group of the Progressive Alliance of Socialists and Democrats in the European Parliament,Social Democratic Party of Germany,1215,1167,96.0,False
256875,Matthieu Valet,France,Patriots for Europe Group,National Rally,1215,927,76.3,False
257055,Małgorzata Gosiewska,Poland,European Conservatives and Reformists Group,Law and Justice,1215,1198,98.6,False
124736,Merja Kyllönen,Finland,,Left Alliance,1215,1040,85.6,False
197449,Michael Bloss,Germany,Group of the Greens/European Free Alliance,Alliance '90/The Greens,1215,1197,98.5,False
2341,Michael Gahler,Germany,Group of the European People's Party (Christian Democrats),Christian Democratic Union,1215,1169,96.2,False
257300,Michael McNamara,Ireland,Renew Europe Group,Labour Party,1215,1059,87.2,False
256966,Michael von der Schulenburg,Germany,,Sahra Wagenknecht Alliance,1215,1185,97.5,False
197769,Michal Wiezik,Slovakia,Renew Europe Group,Progressive Slovakia,1215,1167,96.0,False
257037,Michał Kobosko,Poland,Renew Europe Group,Poland 2050,1215,1146,94.3,False
257026,Michał Szczerba,Poland,Group of the European People's Party (Christian Democrats),Solidarity Electoral Action,1215,1195,98.4,False
257045,Michał Wawrykiewicz,Poland,Group of the European People's Party (Christian Democrats),,1215,1207,99.3,False
257150,Michele Picaro,Italy,European Conservatives and Reformists Group,,1215,1199,98.7,False
198183,Mihai Tudose,Romania,Group of the Progressive Alliance of Socialists and Democrats in the European Parliament,Social Democratic Party,1215,498,41.0,False
256810,Mika Aaltola,Finland,Group of the European People's Party (Christian Democrats),,1215,936,77.0,False
249982,Milan Mazurek,Slovakia,Europe of Sovereign Nations Group,Republic,1215,1201,98.8,False
197763,Milan Uhrík,Slovakia,Europe of Sovereign Nations Group,Republic,1215,877,72.2,False
96933,Milan Zver,Slovenia,Group of the European People's Party (Christian Democrats),Slovenian Democratic Party,1215,922,75.9,False
257024,Mireia Borrás Pabón,Spain,Patriots for Europe Group,Vox,1215,1188,97.8,False
204336,Miriam Lexmann,Slovakia,Group of the European People's Party (Christian Democrats),Christian Democratic Movement,1215,1128,92.8,False
257049,Mirosława Nykiel,Poland,Group of the European People's Party (Christian Democrats),Civic Platform,1215,1209,99.5,False
197782,Mohammed Chahim,Kingdom of the Netherlands,Group of the Progressive Alliance of Socialists and Democrats in the European Parliament,Labour Party,1215,1154,95.0,False
23868,Monika Beňová,Slovakia,,Direction – Social Democracy,1215,750,61.7,False
96780,Monika Hohlmeier,Germany,Group of the European People's Party (Christian Democrats),Christian Social Union of Bavaria,1215,903,74.3,False
197445,Moritz Körner,Germany,Renew Europe Group,Free Democratic Party,1215,1150,94.7,False
96709,Morten Løkkegaard,Kingdom of Denmark,Renew Europe Group,Venstre,1215,1163,95.7,False
197500,Mounir Satouri,France,Group of the Greens/European Free Alliance,The Ecologists – Europe Écologie Les Verts,1215,1192,98.1,False
256899,Murielle Laurent,France,Group of the Progressive Alliance of Socialists and Democrats in the European Parliament,,1215,932,76.7,False
256874,Mélanie Disdier,France,Patriots for Europe Group,National Rally,1215,1205,99.2,False
256915,Mélissa Camara,France,Group of the Greens/European Free Alliance,,1215,1179,97.0,False
256916,Mārtiņš Staķis,Latvia,Group of the Greens/European Free Alliance,The Progressives,1215,1155,95.1,False
197722,Nacho Sánchez Amor,Spain,Group of the Progressive Alliance of Socialists and Democrats in the European Parliament,Spanish Socialist Workers' Party,1215,1185,97.5,False
72779,Nadine Morano,France,Group of the European People's Party (Christian Democrats),The Republicans,1215,1160,95.5,False
197494,Nathalie Loiseau,France,Renew Europe Group,Renaissance,1215,958,78.8,False
256964,Nela Riehl,Germany,Group of the Greens/European Free Alliance,Volt Europa,1215,892,73.4,False
197412,Niclas Herbst,Germany,Group of the European People's Party (Christian Democrats),Christian Democratic Union,1215,1126,92.7,False
197820,Nicola Procaccini,Italy,European Conservatives and Reformists Group,The People of Freedom,1215,1068,87.9,False
28419,Nicola Zingaretti,Italy,Group of the Progressive Alliance of Socialists and Democrats in the European Parliament,Democratic Party,1215,1111,91.4,False
58766,Nicolae Ștefănuță,Romania,Group of the Greens/European Free Alliance,independent politician,1215,962,79.2,False
124760,Nicolas Bay,France,European Conservatives and Reformists Group,Identity–Freedoms,1215,1174,96.6,False
197718,Nicolás González Casares,Spain,Group of the Progressive Alliance of Socialists and Democrats in the European Parliament,Spanish Socialist Workers' Party,1215,1117,91.9,False
257040,Nicolás Pascual de la Parte,Spain,Group of the European People's Party (Christian Democrats),,1215,1165,95.9,False
257033,Niels Flemming Hansen,Kingdom of Denmark,Group of the European People's Party (Christian Democrats),Conservative People's Party,1215,1178,97.0,False
101585,Niels Fuglsang,Kingdom of Denmark,Group of the Progressive Alliance of Socialists and Democrats in the European Parliament,Social Democrats,1215,1123,92.4,False
251874,Niels Geuking,Germany,Group of the European People's Party (Christian Democrats),,1215,1202,98.9,False
256852,Nikola Bartůšek,Czech Republic,Patriots for Europe Group,Oath,1215,1179,97.0,False
257259,Nikola Minchev,Bulgaria,Renew Europe Group,We Continue the Change,1215,1076,88.6,False
256823,Nikolas Farantouris,Greece,,SYRIZA,1215,932,76.7,False
204129,Nikolina Brnjac,Socialist Federal Republic of Yugoslavia,Group of the European People's Party (Christian Democrats),Croatian Democratic Union,1215,958,78.8,False
256952,Nikos Pappas,Greece,,Communist Party of Greece (Interior),1215,844,69.5,False
197810,Nils Ušakovs,Latvia,Group of the Progressive Alliance of Socialists and Democrats in the European Parliament,"Social Democratic Party ""Harmony""",1215,916,75.4,False
257296,Nina Carberry,Ireland,Group of the European People's Party (Christian Democrats),Fine Gael,1215,1209,99.5,False
257022,Nora Junco,Spain,European Conservatives and Reformists Group,,1215,1111,91.4,False
204418,Nora Mebarek,France,Group of the Progressive Alliance of Socialists and Democrats in the European Parliament,Socialist Party,1215,1109,91.3,False
124808,Norbert Lins,Germany,Group of the European People's Party (Christian Democrats),Christian Democratic Union,1215,1193,98.2,False
256987,Oihane Agirregoitia,Spain,Renew Europe Group,Basque Nationalist Party,1215,1206,99.3,False
256979,Oliver Schenk,Germany,Group of the European People's Party (Christian Democrats),Christian Democratic Union,1215,1141,93.9,False
197463,Olivier Chastel,Belgium,Renew Europe Group,Reformist Movement,1215,1177,96.9,False
256851,Ondřej Dostál,Czech Republic,,Stačilo!,1215,1091,89.8,False
197528,Ondřej Knotek,Czech Republic,Patriots for Europe Group,ANO 2011,1215,1195,98.4,False
256846,Ondřej Kolář,Czech Republic,Group of the European People's Party (Christian Democrats),TOP 09,1215,1197,98.5,False
256845,Ondřej Krutílek,Czech Republic,European Conservatives and Reformists Group,Civic Democratic Party,1215,1209,99.5,False
96808,Pablo Arias Echeverría,Spain,Group of the European People's Party (Christian Democrats),People's Party,1215,1112,91.5,False
101039,Paolo Borchia,Italy,Patriots for Europe Group,Lega Nord,1215,1204,99.1,False
257144,Paolo Inselvini,Italy,European Conservatives and Reformists Group,,1215,1142,94.0,False
24922,Pascal Arimont,Belgium,Group of the European People's Party (Christian Democrats),Christlich Soziale Partei,1215,965,79.4,False
96711,Pascal Canfin,France,Renew Europe Group,Renaissance,1215,1163,95.7,False
256877,Pascale Piera,France,Patriots for Europe Group,National Rally,1215,1212,99.8,False
257133,Pasquale Tridico,Italy,,,1215,1200,98.8,False
197516,Patryk Jaki,Poland,European Conservatives and Reformists Group,Sovereign Poland,1215,1157,95.2,False
256809,Paulius Saudargas,Lithuania,Group of the European People's Party (Christian Democrats),Homeland Union – Lithuanian Christian Democrats,1215,1206,99.3,False
257078,Paulo Cunha,Portugal,Group of the European People's Party (Christian Democrats),,1215,1167,96.0,False
257048,Paulo do Nascimento Cabral,Portugal,Group of the European People's Party (Christian Democrats),,1215,1101,90.6,False
256804,Pekka Toveri,Finland,Group of the European People's Party (Christian Democrats),National Coalition Party,1215,836,68.8,False
257023,Per Clausen,Kingdom of Denmark,,Red–Green Alliance,1215,1119,92.1,False
197684,Pernando Barrena,Spain,,Euskal Herria Bildu,1215,1195,98.4,False
113523,Peter Agius,Malta,Group of the European People's Party (Christian Democrats),,1215,1105,90.9,False
256928,Petr Bystron,Germany,Europe of Sovereign Nations Group,Alternative for Germany,1215,1119,92.1,False
220897,Petra Steger,Austria,Patriots for Europe Group,Austrian Freedom Party,1215,1206,99.3,False
124766,Petras Auštrevičius,Lithuania,Renew Europe Group,Liberal Movement,1215,1205,99.2,False
256808,Petras Gražulis,Lithuania,Europe of Sovereign Nations Group,Order and Justice,1215,924,76.0,False
197687,Philippe Olivier,France,Patriots for Europe Group,National Rally,1215,847,69.7,False
257727,Pierfrancesco Maran,Italy,Group of the Progressive Alliance of Socialists and Democrats in the European Parliament,,1215,1208,99.4,False
256898,Pierre Jouvet,France,Group of the Progressive Alliance of Socialists and Democrats in the European Parliament,Socialist Party,1215,1095,90.1,False
256893,Pierre Pimpie,France,Patriots for Europe Group,,1215,1214,99.9,False
200345,Pierre-Romain Thionnet,France,Patriots for Europe Group,National Rally,1215,1124,92.5,False
197607,Pietro Fiocchi,Italy,European Conservatives and Reformists Group,Brothers of Italy,1215,1018,83.8,False
28390,Pilar del Castillo,Spain,Group of the European People's Party (Christian Democrats),Communist Organization of Spain,1215,954,78.5,False
257080,Piotr Müller,Polish People's Republic,European Conservatives and Reformists Group,Law and Justice,1215,1082,89.1,False
256855,Pál Szekeres,Hungary,Patriots for Europe Group,Fidesz,1215,823,67.7,False
197398,Pär Holmgren,Sweden,Group of the Greens/European Free Alliance,Green Party,1215,1210,99.6,False
256868,Péter Magyar,Hungary,Group of the European People's Party (Christian Democrats),Respect and Freedom Party,1215,493,40.6,False
256998,Rachel Blom,Kingdom of the Netherlands,Patriots for Europe Group,,1215,1211,99.7,False
257262,Rada Laykova,Bulgaria,Europe of Sovereign Nations Group,,1215,1194,98.3,False
197839,Radan Kanev,Bulgaria,Group of the European People's Party (Christian Democrats),Democrats for a Strong Bulgaria,1215,699,57.5,False
197825,Raffaele Stancanelli,Italy,Patriots for Europe Group,Brothers of Italy,1215,1138,93.7,False
257148,Raffaele Topo,Italy,Group of the Progressive Alliance of Socialists and Democrats in the European Parliament,Democratic Party,1215,1108,91.2,False
197425,Ralf Seekatz,Germany,Group of the European People's Party (Christian Democrats),Christian Democratic Union,1215,1064,87.6,False
197694,Raphaël Glucksmann,France,Group of the Progressive Alliance of Socialists and Democrats in the European Parliament,Place publique,1215,1161,95.6,False
256970,Raquel García Hermida-van der Walle,Kingdom of the Netherlands,Renew Europe Group,Democrats 66,1215,1211,99.7,False
197840,Rasa Juknevičienė,Lithuania,Group of the European People's Party (Christian Democrats),Homeland Union – Lithuanian Christian Democrats,1215,837,68.9,False
197448,Rasmus Andresen,Germany,Group of the Greens/European Free Alliance,Alliance '90/The Greens,1215,1197,98.5,False
257044,Rasmus Nordqvist,Kingdom of Denmark,Group of the Greens/European Free Alliance,Green Left,1215,1208,99.4,False
257030,Raúl de la Hoz Quintano,Spain,Group of the European People's Party (Christian Democrats),,1215,1086,89.4,False
257237,Regina Doherty,Ireland,Group of the European People's Party (Christian Democrats),Fine Gael,1215,1208,99.4,False
220896,Reinhold Lopatka,Austria,Group of the European People's Party (Christian Democrats),Austrian People's Party,1215,1189,97.9,False
256978,Reinier van Lanschot,Kingdom of the Netherlands,Group of the Greens/European Free Alliance,Volt Netherlands,1215,1140,93.8,False
256907,Reinis Pozņaks,Latvia,European Conservatives and Reformists Group,,1215,1172,96.5,False
256929,René Aust,Germany,Europe of Sovereign Nations Group,Alternative for Germany,1215,1093,90.0,False
229839,René Repasi,Germany,Group of the Progressive Alliance of Socialists and Democrats in the European Parliament,Social Democratic Party of Germany,1215,1026,84.4,False
220871,Rihards Kols,Latvia,European Conservatives and Reformists Group,National Alliance,1215,1191,98.0,False
204449,Riho Terras,Estonia,Group of the European People's Party (Christian Democrats),Isamaa,1215,1152,94.8,False
256912,Rima Hassan,State of Palestine,,La France insoumise,1215,753,62.0,False
197498,Robert Biedroń,Poland,Group of the Progressive Alliance of Socialists and Democrats in the European Parliament,Social Democracy of the Republic of Poland,1215,1208,99.4,False
118859,Roberta Metsola,Malta,Group of the European People's Party (Christian Democrats),Nationalist Party,1215,0,0.0,True
257125,Roberto Vannacci,Italy,Patriots for Europe Group,,1215,1200,98.8,False
28615,Roberts Zīle,Latvia,European Conservatives and Reformists Group,National Alliance,1215,720,59.3,False
256888,Rody Tolassy,France,Patriots for Europe Group,National Rally,1215,1094,90.0,False
198176,Roman Haider,Austria,Patriots for Europe Group,Austrian Freedom Party,1215,1210,99.6,False
112747,Romana Jerković,Croatia,Group of the Progressive Alliance of Socialists and Democrats in the European Parliament,Social Democratic Party of Croatia,1215,1156,95.1,False
125104,Romana Tomc,Slovenia,Group of the European People's Party (Christian Democrats),Slovenian Democratic Party,1215,1197,98.5,False
96811,Rosa Estaràs,Spain,Group of the European People's Party (Christian Democrats),People's Party,1215,947,77.9,False
256890,Rudi Kennes,Belgium,,,1215,1205,99.2,False
257104,Ruggero Razza,Italy,European Conservatives and Reformists Group,,1215,1042,85.8,False
25758,Ruth Firmenich,Germany,,Sahra Wagenknecht Alliance,1215,1206,99.3,False
96756,Sabine Verheyen,Germany,Group of the European People's Party (Christian Democrats),Christian Democratic Union,1215,505,41.6,False
256935,Sabrina Repp,Germany,Group of the Progressive Alliance of Socialists and Democrats in the European Parliament,Social Democratic Party of Germany,1215,1150,94.7,False
256829,Sakis Arnaoutoglou,Greece,Group of the Progressive Alliance of Socialists and Democrats in the European Parliament,PASOK – Movement for Change,1215,1195,98.4,False
204333,Salvatore De Meo,Italy,Group of the European People's Party (Christian Democrats),The People of Freedom,1215,1003,82.6,False
125325,Sander Smit,Kingdom of the Netherlands,Group of the European People's Party (Christian Democrats),Christian Democratic Appeal,1215,1194,98.3,False
256997,Sandra Gómez López,Spain,Group of the Progressive Alliance of Socialists and Democrats in the European Parliament,Spanish Socialist Workers' Party,1215,1201,98.8,False
96934,Sandra Kalniete,Latvia,Group of the European People's Party (Christian Democrats),Unity,1215,1110,91.4,False
204419,Sandro Gozi,France,Renew Europe Group,Democratic Party,1215,1198,98.6,False
257170,Sandro Ruotolo,Italy,Group of the Progressive Alliance of Socialists and Democrats in the European Parliament,independent politician,1215,1101,90.6,False
256924,Sarah Knafo,Morocco,Europe of Sovereign Nations Group,Reconquête,1215,1153,94.9,False
197470,Saskia Bricmont,Belgium,Group of the Greens/European Free Alliance,Ecolo,1215,1139,93.7,False
256991,Sebastiaan Stöteler,Kingdom of the Netherlands,Patriots for Europe Group,Party for Freedom,1215,1143,94.1,False
256961,Sebastian Everding,Germany,,,1215,1175,96.7,False
256996,Sebastian Kruis,Kingdom of the Netherlands,Patriots for Europe Group,,1215,1155,95.1,False
256806,Sebastian Tynkkynen,Finland,European Conservatives and Reformists Group,Finns Party,1215,1196,98.4,False
257081,Sebastião Bugalho,Portugal,Group of the European People's Party (Christian Democrats),,1215,955,78.6,False
197460,Sergey Lagodinsky,Germany,Group of the Greens/European Free Alliance,Alliance '90/The Greens,1215,478,39.3,False
4746,Sergio Berlato,Italy,European Conservatives and Reformists Group,National Alliance,1215,1213,99.8,False
96668,Seán Kelly,Ireland,Group of the European People's Party (Christian Democrats),Fine Gael,1215,1210,99.6,False
256960,Sibylle Berg,German Democratic Republic,,,1215,228,18.8,False
197578,Silvia Sardone,Italy,Patriots for Europe Group,The People of Freedom,1215,1050,86.4,False
257088,Sofie Eriksson,Sweden,Group of the Progressive Alliance of Socialists and Democrats in the European Parliament,Swedish Social Democratic Party,1215,1211,99.7,False
256831,Sophia Kircher,Austria,Group of the European People's Party (Christian Democrats),Austrian People's Party,1215,994,81.8,False
220801,Sophie Wilmès,Belgium,Renew Europe Group,Reformist Movement,1215,589,48.5,False
257255,Stanislav Stoyanov,Bulgaria,Europe of Sovereign Nations Group,,1215,1171,96.4,False
257062,Stanisław Tyszka,Poland,Europe of Sovereign Nations Group,Direct Democracy,1215,846,69.6,False
197410,Stefan Berger,Germany,Group of the European People's Party (Christian Democrats),Christian Democratic Union,1215,1019,83.9,False
256973,Stefan Köhler,Germany,Group of the European People's Party (Christian Democrats),Christian Social Union of Bavaria,1215,858,70.6,False
257108,Stefano Bonaccini,Italy,Group of the Progressive Alliance of Socialists and Democrats in the European Parliament,Democratic Party,1215,1146,94.3,False
257096,Stefano Cavedagna,Italy,European Conservatives and Reformists Group,Brothers of Italy,1215,1180,97.1,False
257000,Stephen Nikola Bartulica,Croatia,European Conservatives and Reformists Group,Home and National Rally,1215,1105,90.9,False
257020,Stine Bosse,Kingdom of Denmark,Renew Europe Group,Moderate Party,1215,1191,98.0,False
197581,Stéphanie Yon-Courtin,France,Renew Europe Group,The Republicans,1215,1164,95.8,False
202036,Sunčana Glavak,Croatia,Group of the European People's Party (Christian Democrats),Croatian Democratic Union,1215,1139,93.7,False
197784,Susana Solís Pérez,Spain,Group of the European People's Party (Christian Democrats),Ciudadanos,1215,1064,87.6,False
197786,Susanna Ceccardi,Italy,Patriots for Europe Group,Lega per Salvini Premier,1215,872,71.8,False
197497,Sven Mikser,Estonia,Group of the Progressive Alliance of Socialists and Democrats in the European Parliament,Social Democratic Party,1215,1200,98.8,False
197426,Sven Simon,Germany,Group of the European People's Party (Christian Democrats),Christian Democratic Union,1215,751,61.8,False
197444,Svenja Hahn,Germany,Renew Europe Group,Free Democratic Party,1215,985,81.1,False
257079,Sérgio Gonçalves,Portugal,Group of the Progressive Alliance of Socialists and Democrats in the European Parliament,,1215,1118,92.0,False
257065,Sérgio Humberto,Portugal,Group of the European People's Party (Christian Democrats),Social Democratic Party,1215,1199,98.7,False
261796,Séverine Werbrouck,France,Patriots for Europe Group,,1215,1210,99.6,False
96826,Tamás Deutsch,Hungary,Patriots for Europe Group,Fidesz,1215,864,71.1,False
257256,Taner Kabilov,Bulgaria,,,1215,797,65.6,False
103381,Terry Reintke,Germany,Group of the Greens/European Free Alliance,Federation of Young European Greens,1215,1159,95.4,False
197623,Thierry Mariani,France,Patriots for Europe Group,The Popular Right,1215,967,79.6,False
218347,Thijs Reuten,Kingdom of the Netherlands,Group of the Progressive Alliance of Socialists and Democrats in the European Parliament,,1215,1187,97.7,False
256936,Thomas Bajada,Malta,Group of the Progressive Alliance of Socialists and Democrats in the European Parliament,,1215,1175,96.7,False
256939,Thomas Geisel,Germany,,Sahra Wagenknecht Alliance,1215,1138,93.7,False
256903,Thomas Pellerin-Carlin,France,Group of the Progressive Alliance of Socialists and Democrats in the European Parliament,,1215,1191,98.0,False
190464,Thomas Waitz,Austria,Group of the Greens/European Free Alliance,The Greens – The Green Alternative,1215,1197,98.5,False
257054,Tiago Moreira de Sá,Portugal,Patriots for Europe Group,Chega,1215,1152,94.8,False
185619,Tiemo Wölken,Germany,Group of the Progressive Alliance of Socialists and Democrats in the European Parliament,Social Democratic Party of Germany,1215,910,74.9,False
193292,Tilly Metz,Luxembourg,Group of the Greens/European Free Alliance,The Greens,1215,1201,98.8,False
197772,Tineke Strik,Kingdom of the Netherlands,Group of the Greens/European Free Alliance,GroenLinks,1215,1192,98.1,False
256938,Tobias Cremer,Germany,Group of the Progressive Alliance of Socialists and Democrats in the European Parliament,Social Democratic Party of Germany,1215,1196,98.4,False
257073,Tobiasz Bocheński,Poland,European Conservatives and Reformists Group,,1215,1203,99.0,False
197778,Tom Berendsen,Kingdom of the Netherlands,Group of the European People's Party (Christian Democrats),Christian Democratic Appeal,1215,1213,99.8,False
185771,Tom Vandendriessche,Belgium,Patriots for Europe Group,Flemish Interest,1215,1210,99.6,False
197402,Tomas Tobé,Sweden,Group of the European People's Party (Christian Democrats),Moderate Party,1215,1204,99.1,False
257072,Tomasz Buczek,Poland,Patriots for Europe Group,,1215,1206,99.3,False
190574,Tomasz Froelich,Germany,Europe of Sovereign Nations Group,Alternative for Germany,1215,1173,96.5,False
197417,Tomislav Sokol,Croatia,Group of the European People's Party (Christian Democrats),Croatian Democratic Union,1215,1167,96.0,False
261038,Tomáš Kubín,Czech Republic,Patriots for Europe Group,ANO 2011,1215,1154,95.0,False
124713,Tomáš Zdechovský,Czech Republic,Group of the European People's Party (Christian Democrats),KDU-ČSL,1215,1197,98.5,False
256981,Ton Diepeveen,Kingdom of the Netherlands,Patriots for Europe Group,,1215,983,80.9,False
112744,Tonino Picula,Croatia,Group of the Progressive Alliance of Socialists and Democrats in the European Parliament,Social Democratic Party of Croatia,1215,1199,98.7,False
197845,Tsvetelina Penkova,Bulgaria,Group of the Progressive Alliance of Socialists and Democrats in the European Parliament,Bulgarian Socialist Party,1215,1129,92.9,False
4267,Udo Bullmann,Germany,Group of the Progressive Alliance of Socialists and Democrats in the European Parliament,Social Democratic Party of Germany,1215,996,82.0,False
129073,Urmas Paet,Estonia,Renew Europe Group,Estonian Reform Party,1215,1187,97.7,False
257135,Valentina Palmisano,Italy,,Five Star Movement,1215,1105,90.9,False
256886,Valérie Deloge,France,Patriots for Europe Group,,1215,1210,99.6,False
256870,Valérie Devaux,France,Renew Europe Group,,1215,1121,92.3,False
135511,Valérie Hayer,France,Renew Europe Group,Renaissance,1215,1186,97.6,False
33998,Vasile Dîncu,Romania,Group of the Progressive Alliance of Socialists and Democrats in the European Parliament,Social Democratic Party,1215,1097,90.3,False
256974,Verena Mertens,Germany,Group of the European People's Party (Christian Democrats),Christian Democratic Union,1215,991,81.6,False
257014,Veronika Cifrová Ostrihoňová,Slovakia,Renew Europe Group,,1215,1205,99.2,False
197552,Veronika Vrecionová,Czech Republic,European Conservatives and Reformists Group,Civic Democratic Party,1215,1193,98.2,False
88882,Victor Negrescu,Romania,Group of the Progressive Alliance of Socialists and Democrats in the European Parliament,Social Democratic Party,1215,1117,91.9,False
256857,Viktória Ferenc,Hungary,Patriots for Europe Group,Fidesz,1215,1098,90.4,False
96681,Vilija Blinkevičiūtė,Lithuania,Group of the Progressive Alliance of Socialists and Democrats in the European Parliament,Social Democratic Party of Lithuania,1215,1204,99.1,False
256909,Vilis Krištopans,Latvia,Patriots for Europe Group,Union of Greens and Farmers,1215,1155,95.1,False
197802,Ville Niinistö,Finland,Group of the Greens/European Free Alliance,Green League,1215,1188,97.8,False
111412,Villy Søvndal,Kingdom of Denmark,Group of the Greens/European Free Alliance,Green Left,1215,1195,98.4,False
197627,Virginie Joron,France,Patriots for Europe Group,National Rally,1215,1200,98.8,False
201945,Virginijus Sinkevičius,Lithuania,Group of the Greens/European Free Alliance,"Union of Democrats ""For Lithuania""",1215,1185,97.5,False
256937,Vivien Costanzo,Germany,Group of the Progressive Alliance of Socialists and Democrats in the European Parliament,Social Democratic Party of Germany,1215,1195,98.4,False
256813,Vladimir Prebilič,Slovenia,Group of the Greens/European Free Alliance,,1215,1211,99.7,False
267485,Volker Schnurrbusch,Germany,Europe of Sovereign Nations Group,Alternative for Germany,1215,829,68.2,False
99878,Waldemar Buda,Poland,European Conservatives and Reformists Group,Law and Justice,1215,1081,89.0,False
96697,Waldemar Tomaszewski,Lithuania,European Conservatives and Reformists Group,Electoral Action of Poles in Lithuania,1215,1027,84.5,False
256887,Wouter Beke,Belgium,Group of the European People's Party (Christian Democrats),Christian Democratic and Flemish,1215,1141,93.9,False
30482,Younous Omarjee,France,,Reunionese Communist Party,1215,1028,84.6,False
256879,Yvan Verougstraete,Belgium,Renew Europe Group,,1215,877,72.2,False
256814,Zala Tomašič,Slovenia,Group of the European People's Party (Christian Democrats),Slovenian Democratic Party,1215,1202,98.9,False
256863,Zoltán Tarr,Hungary,Group of the European People's Party (Christian Democrats),Respect and Freedom Party,1215,519,42.7,False
257457,Zsuzsanna Borvendég,Hungary,Europe of Sovereign Nations Group,,1215,1186,97.6,False
197468,Özlem Demirel,Germany,,Party of Democratic Socialism,1215,956,78.7,False
257013,Ľubica Karvašová,Slovakia,Renew Europe Group,,1215,1106,91.0,False
257010,Ľudovít Ódor,Slovakia,Renew Europe Group,,1215,1155,95.1,False
197523,Łukasz Kohut,Poland,Group of the European People's Party (Christian Democrats),Civic Coalition,1215,1190,97.9,False
185341,Željana Zovko,Bosnia and Herzegovina,Group of the European People's Party (Christian Democrats),Croatian Democratic Union of Bosnia and Herzegovina,1215,800,65.8,False
